date,aet,def,pdsi,pet,pr,ro,soil,srad,swe,tmmn,tmmx,vap,vpd,vs,NDVI,EVI,water
1994-01-01,1267.00640180279,0,-172.092318561829,1267.00640180279,230.408491719998,11.4563922422832,1180.22807205706,2017.24460581176,0,209.993725442443,301.971013538961,2442.07231070479,96.8949624575298,194.197176250707,0,0,0
1994-02-01,1161.7048332318,4.01597346526703,-222.765092531562,1165.72567498972,130.146432960754,6.57291176741218,1254.84172755567,2122.01177497163,0,201.078728054049,302.841872108978,2458.28160783229,89.6879146458225,209.121867809321,0,0,0.86448387004142
1994-03-01,706.398521441337,862.470993853581,-329.802242868027,1568.82826607182,27.1946533405805,1.31792895406824,806.592257607267,2699.50934183438,0,189.628515876066,328.817674600453,2419.57351985933,120.104349409217,184.017749408328,0,0,0
1994-04-01,427.878513002787,962.530063307925,-399.254767197689,1390.37696899151,23.1048851218528,1,598.201120835414,2355.33624162774,0,173.271878567014,321.061025729874,2035.39777112212,137.099799640088,232.99183721916,0,0,1.00759491492954
1994-05-01,118.879492141069,1086.98040748572,-457.549384861721,1205.85242126788,0,0,480.003022433128,2153.24175341519,0,139.130771297584,303.458603641062,1625.10867976586,135.382152455508,194.255046247823,0,0,0
1994-06-01,77.5933547723289,902.96630351611,-471.484927478778,980.511623594278,0,0,402.434405893097,1902.74910168981,0,111.806600161657,273.713059789178,1347.54471605675,115.420144081268,192.629733496518,0,0,1.00826685935641
1994-07-01,55.2831633537875,1054.25323325999,-467.762177812198,1109.46136624767,0,0,347.200070241415,1993.99021369673,0,117.46741049821,272.128439032952,1308.09787681774,120.127827605988,225.381190351666,0,0,1.0099044930058
1994-08-01,41.4873599148144,1339.10690751702,-447.067834956796,1380.5986957194,0,0,305.70129656722,2176.21075644548,0,138.047475601927,296.102988637893,1297.28268686833,158.567700066599,244.535599022265,0,0,1.00602926799601
1994-09-01,34.3669524496245,1811.14971474154,-420.237900689897,1845.63567442875,0.051859490492354,0,273.372920370148,2603.76421522368,0,180.687373186628,340.111719900436,1389.65904020847,233.641584199565,289.8630347335,0,0,0.811650358143747
1994-10-01,283.55314153739,1706.56377751037,-325.537517192644,1990.24823171902,27.0929439276153,1.1949068390543,247.317684383285,2454.02839288947,0,212.165758516623,348.363769643055,1502.48022091071,257.587670639433,292.031625277196,0,0,0
1994-11-01,376.245793314087,1669.813152213,-363.157666592899,2046.09314721213,37.3125330555376,1.84343507021918,225.924333869566,2642.27855466535,0,228.199030388007,367.530113573202,2104.85644185766,241.50235490881,318.652550052354,0,0,1.00946843377379
1994-12-01,1593.73976300237,32.5295135367366,-403.935064746269,1626.3326842516,175.606777911599,8.74199856746514,300.380887836419,2518.00498652467,0,200.509876264287,324.818501608868,2399.46487954976,123.768989587442,266.84130610719,0,0,1.00954271229766
1995-01-01,943.27267894629,464.551014558291,-540.214694018006,1407.80405284576,95.7591850867241,4.8788240694595,266.900569182919,2260.96128560772,0,210.083290684522,314.688477774331,2535.84015248562,103.853112701981,205.096603937967,0,0,0.224146314770151
1995-02-01,1195.76237107443,82.5968485429574,-599.535992798334,1278.36413713204,124.897845793161,6.06877327056817,257.999209831132,2326.3188237924,0,207.389050394923,312.03924916427,2516.27372789842,100.355626188435,209.177273781431,0,0,0.652615061546762
1995-03-01,456.871125767878,1089.26919629252,-676.456664485485,1546.10135868478,45.467569246883,2,233.560270638953,2562.17132233097,0,200.027549068939,320.47661882771,2418.16113835217,115.925911009072,237.820628245909,0,0,1.00648306308556
1995-04-01,67.7984363033353,1338.21211487371,-772.070484342513,1406.04482094854,5.02625783780957,0,213.564627607631,2297.00625184498,0,182.395980863962,321.183332740436,2045.21512155511,142.231396270006,248.849760765305,0,0,0.842680155906571
1995-05-01,23.8090563364528,1188.16271265259,-812.300109338539,1212.13339215575,0.935237262736408,0,196.918410570384,2040.24324268025,0,152.921772084657,295.576799844297,1689.80234030298,126.764463488661,237.31645889552,0,0,1.00883038758185
1995-06-01,14.0889572356866,956.777620148397,-807.037021312552,970.935703161537,0,0,182.851368997798,2002.60041125518,0,103.433882460307,268.285030694491,1305.95356308849,110.155135199757,182.580589870529,0,0,1.0086560220394
1995-07-01,12.1448625426674,1117.67753073468,-784.324732092377,1129.76203467843,0,0,170.69318974691,1994.4986728871,0,119.927808245559,278.526135535315,1304.53077350386,128.623810676216,220.559125910856,0,0,0
1995-08-01,10.5606811929171,1416.91343535071,-746.163968788667,1427.49252454858,0,0,160.094158726098,2159.5464235371,0,153.07241313376,305.113661570132,1375.42864987692,169.943974408661,251.86040380176,0,0,1.00947563415568
1995-09-01,9.30978626907785,1893.66668372962,-703.367730885941,1902.93047728246,0,0,150.82302892195,2616.85742766607,0,184.631911578939,340.152709553553,1395.84385214038,235.631639062094,312.292000978969,0,0,0.818703517023971
1995-10-01,175.358427173833,2061.22520459288,-628.810257931535,2236.61575632747,17.6001989916843,1,142.584416753407,2740.70967292849,0,239.046887161197,378.522457926131,1708.90407210358,309.865877039388,295.635357512891,0,0,1.0096587906632
1995-11-01,360.447725406186,1476.69330373743,-622.463911887475,1837.09271315884,37.1428802023885,2,135.254747187351,2319.88698563601,0,230.616373278642,355.912015694263,2044.55368775119,230.369900758992,289.968004428955,0,0,0
1995-12-01,1124.61136027877,154.731310482099,-664.65536054694,1279.34554698171,117.771316550191,5.96145702959719,129.557510084697,1936.84823948372,0,203.51446138501,302.41136253634,2304.0102894521,106.092873976951,220.451080010906,0,0,0
1996-01-01,1255.61939263326,0,-619.188733496178,1255.61939263326,219.925684516003,10.9096025331377,962.951768571737,1993.72382098924,0,211.275582155432,304.971081009712,2499.45894272221,95.9561486976695,189.274120015503,0,0,0
1996-02-01,1096.28170422397,0,-568.959418403835,1096.28170422397,180.402774510184,8.98751288272338,1580.47842112627,1961.83896255468,0,210.22761395716,296.57835009812,2502.50223530858,84.4444359804333,215.57515254889,0,0,0
1996-03-01,985.947235700224,226.84581553069,-526.576200885315,1212.84743267377,84.9677710092294,4.04786068974435,1401.69187677806,2009.19761191167,0,195.773202071225,299.954928426276,2290.05519528209,99.3053366713546,179.195780196198,0,0,0
1996-04-01,532.112849920079,706.513791722839,-533.309658168719,1238.66272965283,7.08663853361517,0.063495809288149,937.16042627491,2113.0338859493,0,168.419221023237,302.800812180243,1938.75801716716,119.907794145968,224.501536092663,0,0,0
1996-05-01,406.117640565777,565.728077889127,-478.103797465976,971.853800852344,18.3482755194222,1,705.698906187097,1721.09189937093,0,148.271948021697,282.775968953536,1625.72543546428,115.778544061565,154.405580198866,0,0,0
1996-06-01,163.888301974115,737.018591569871,-459.666324056634,900.925190500121,0,0,541.80015799615,1849.69488286087,0,109.235753700459,267.214428650153,1315.50297974441,110.525891631541,155.582722425158,0,0,1.00391469883736
1996-07-01,98.8243730521995,1001.8928316645,-443.643328280013,1100.64816033172,0,0,442.980202405416,1937.77042843329,0,102.153651287897,274.308684075776,1210.10572174208,125.674013037163,219.094439760165,0,0,0
1996-08-01,66.9092931425435,1407.50886553704,-418.985092196347,1474.35656072248,0,0,376.138494039145,2365.33631494767,0,138.473875461821,310.884808545544,1330.44568476229,173.962775095101,241.044456555165,0,0,1.00824211125048
1996-09-01,53.3457327186799,1859.29260736059,-387.506064158273,1912.66635075419,0.482934996505888,0,327.450932806659,2634.31086303045,0,183.799989550158,347.728316422605,1392.02341091416,247.070550923915,299.204614742865,0,0,0
1996-10-01,47.0037091468449,2339.99732420749,-401.514895780352,2386.93325543555,1.05943444630714,0,290.330417439575,2908.36852847746,0,222.057292998196,377.711662263824,1624.19525633585,302.31022755687,340.448992539396,0,0,0
1996-11-01,607.05622268461,1332.74072053975,-371.848531959588,1939.83196733424,60.8266110972202,3.05504458884573,260.959321174119,2463.36353514586,0,235.13812456623,358.303529994471,2106.35797369172,231.872676278242,313.091573322151,0,0,0
1996-12-01,1331.03476452281,0,-320.608504153771,1331.03476452281,237.673939785647,11.8287267713339,1187.43463785909,1981.10586359313,0,209.70714442572,310.41136253634,2376.64526369007,113.616659563283,225.634008593842,0,0,0
1997-01-01,1080.83238715795,0,-55.470258755891,1080.83238715795,338.062494454403,77.54879852464,2712.35935343011,1663.34849831828,0,217.279820567138,297.537270552413,2495.40394904856,91.7835385561571,160.740425053764,0,0,0
1997-02-01,1000.58092795971,0,285.985594763656,1000.58092795971,208.342751845484,106.145731863537,2733.92921044,1758.33067495722,0,207.159889843952,290.986698957993,2446.15168203131,81.1742366569537,201.633529491646,0,0,0.404908071048308
1997-03-01,1170.31822861315,155.027632325623,263.105980097755,1325.38154686063,95.1393306593598,4.69034439671231,2467.5790725397,2161.72848734852,0,207.431930340769,304.595461399035,2395.04292432776,102.993971313045,219.313092626654,0,0,0.372356889032077
1997-04-01,984.890889054145,71.523631797486,397.16485960782,1056.43826214158,92.7733126411632,4.64650900003388,2364.00067617837,1823.15787302433,0,180.01476846672,299.394843917663,1959.52696445925,121.004768155448,148.327209577324,0,0,0.275599628049823
1997-05-01,631.301874455491,443.567777525418,442.809837594739,1074.89597951284,2.58387794515389,0,1756.35610074128,2090.41963501489,0,131.5015555044,286.222408669916,1508.23226800238,122.623808025274,148.508998528814,0,0,0
1997-06-01,442.253472734123,496.033844269641,467.472514741807,938.330412325828,0,0,1314.12887031558,1845.97060088136,0,126.817916828147,287.29720055386,1442.61697033921,127.91687812063,147.48464374246,0,0,0.912014223713062
1997-07-01,396.041008466256,680.355229214138,484.871131548642,1076.38531131809,0.019129471668955,0,918.284021574909,1845.71998121082,0,118.512969964998,262.734689629414,1221.6931272702,119.570286188866,230.918681907133,0,0,0.193160129771749
1997-08-01,265.114310931221,1163.98289242751,471.305480523445,1429.14497256532,0,0,653.180300746818,2335.60392007634,0,135.789396659267,308.352581795247,1305.31692330637,171.828480746807,225.554917377833,0,0,1.00875101235061
1997-09-01,153.629096244249,1531.38554843203,453.407003258779,1685.05475630317,1.44796017703505,0,513.160242077191,2207.44123088885,0,187.122837626549,327.943035940961,1378.8708368665,221.307180324606,285.904997299461,0,0,0.997890322312183
1997-10-01,208.562999689755,1843.34876570428,419.576902033839,2051.95805520392,12.6690927689484,0.840797776218759,424.878460069461,2578.4131893433,0,212.703252996677,346.664149069829,1472.73980630679,258.273120507724,300.141347803944,0,0,0
1997-11-01,859.476669503465,733.049857310909,445.257284857239,1592.52363576535,84.0038075737592,4.07929913538242,363.51279084683,2160.56624753848,0,224.844118004208,350.639836544623,1926.52945352284,228.73184759717,202.149488539209,0,0,0
1997-12-01,1326.09125567088,170.089437466672,298.666920518601,1496.08653246173,137.045358799025,6.85679580118143,339.84690474293,2180.42768096614,0,198.249112037023,316.697525969828,2260.47641708248,124.902817883017,278.618424218462,0,0,0
1998-01-01,1090.80262060162,0,314.342717041182,1090.80262060162,253.096440810964,12.6651361780394,1653.75404188284,1634.95722747718,0,221.473869339,304.733373633355,2582.07497996402,95.5021256279743,172.271697670148,0,0,0
1998-02-01,1146.87658775183,59.4232703458097,208.054293927565,1206.33765490481,117.965623848765,5.84248801688669,1627.30642733734,2181.17379340235,0,209.643748890454,314.407219832194,2568.4387239357,99.9296574401345,177.898399173044,0,0,0.806381063946559
1998-03-01,961.760665201756,340.021855426856,146.067722573953,1301.81164221929,72.7838647930611,3.57425716327306,1356.81618153857,2065.65010557591,0,203.772896323537,329.162855290376,2555.68793079092,117.187538383076,174.058062506821,0,0,0.065003799184873
1998-04-01,499.429391781534,823.01212149251,-130.328105903597,1322.3944921291,0,0,858.011914257249,2268.60774338471,0,177.866932798448,319.278184029426,2020.54206333597,139.072817906961,198.323867320863,0,0,1.0086526698426
1998-05-01,235.610223691624,990.680656947918,-274.185010256582,1226.28832988597,0,0,622.450722509992,2287.66692086067,0,135.566057508683,313.701816288689,1623.24167874414,146.957779933498,163.949194421461,0,0,0.870027941757498
1998-06-01,127.848559666208,903.608008889382,-300.173490869986,1031.5649200151,0,0,494.519117824629,2022.87706721319,0,108.562801758447,287.120705089024,1355.37767805866,128.085407487424,183.682407270902,0,0,0
1998-07-01,82.260952546769,1094.82806829443,-311.132832550423,1177.13571149062,0,0,412.276713714335,2056.21556994059,0,122.28557111041,276.268940177303,1248.21919509532,132.844461480786,235.57040248826,0,0,1.0083530758056
1998-08-01,57.9161524979232,1282.9329499273,-299.727305045446,1340.84382775171,0,0,354.32413840107,2179.85187669597,0,145.612008596578,288.162166883475,1266.50768545735,156.226069877466,227.542416886126,0,0,1.00734681816065
1998-09-01,43.19594098011,1779.5580137466,-284.294126555634,1822.69716424452,0,0,311.103249507696,2574.41279917593,0,177.982218027844,324.033717041522,1292.92271520434,218.281520505123,306.818069043531,0,0,1.00734533019575
1998-10-01,45.4634274833942,2268.66416051165,-307.358164354305,2314.17792449365,1.18944895978743,0,277.612294727295,2817.50442585898,0,220.044725446206,364.085397601977,1533.79823317277,286.053263053155,343.419196121485,0,0,0.986345613097212
1998-11-01,625.626805950017,1251.83729413725,-278.452189147968,1877.45003512927,63.0507793085593,3.05566939023886,250.718276261687,2277.19729234487,0,227.646272724133,354.735218193058,2031.32569015995,227.186153582245,325.257067103726,0,0,0
1998-12-01,1278.84462209368,0,-142.011606799274,1278.84462209368,328.37201357693,16.4381194011676,2091.37305982681,2098.9282773768,0,198.739176716589,291.214880969281,2253.05839708993,94.0586992117986,191.873483532862,0,0,0
1999-01-01,1024.91476521718,0,242.724026548416,1024.91476521718,244.602750292546,80.5067874207842,2707.29520001616,1514.01700575922,0,210.689545419874,290.394271656231,2338.09241254202,93.8343221746349,171.621722161432,0,0,0.153827983834408
1999-02-01,1033.83327558271,0,287.09090973149,1033.83327558271,193.467503896886,87.4113552334219,2733.92921044,1809.2375972682,0,212.526898202799,300.90782857401,2551.89255904504,86.6778249892514,189.084616668646,0,0,0
1999-03-01,1177.63491838007,42.0943422910093,297.747755404588,1219.69329320206,116.483439376718,6.11268988869124,2661.67231922201,2011.68856224533,0,200.479367221838,296.667883460483,2288.67399504497,98.6955256544497,188.780548652655,0,0,0
1999-04-01,776.322496407552,457.916016667074,266.280313813393,1234.20053991994,2.36495141592803,0,1907.97595253481,2135.49844116056,0,171.866562932168,304.063353068886,1872.88279849865,130.206870010457,193.343979984191,0,0,0
1999-05-01,606.300880454829,606.687593300335,269.080065548393,1212.9804757603,0,0,1301.80836538123,2153.0927182897,0,139.575634131,299.501802264351,1542.1431758765,138.992368348231,198.043421849715,0,0,0
1999-06-01,358.658427413274,612.181302324042,255.817915545433,970.933419195356,0,0,943.122403573268,1867.07775541486,0,119.441221345454,276.085059136533,1366.65325749474,119.500871578447,182.83173600106,0,0,0
1999-07-01,252.639730113575,800.836767386507,233.559617138974,1053.45044275864,0,0,690.566261682534,1799.40340377543,0,118.192703461515,261.411652515198,1221.6720493561,117.979327030135,226.064610966555,0,0,1.00881195049948
1999-08-01,157.136779290089,1155.27730367722,213.268336207184,1312.41810088905,0,0,533.459626135076,2154.74870276578,0,132.929851129935,287.752450890017,1238.11489355699,152.003224930897,222.850993521783,0,0,0
1999-09-01,101.327088472028,1705.25278099217,195.757503602716,1806.54083208455,0.54604050160613,0,437.860265713333,2612.44565146304,0,162.675241825778,316.631540669386,1196.21800598532,208.417776995228,310.337344265706,0,0,0.953155153469813
1999-10-01,177.307423082489,1993.68088405669,174.313869951282,2170.93265716068,11.8620300093485,0.845989244358369,372.566609554544,2735.56831243422,0,213.510157298353,346.452686208159,1472.90263021343,258.589118669509,329.10247471429,0,0,0
1999-11-01,465.224102108819,1303.97297008814,124.377793810752,1769.16397539037,43.9155584645608,2.01615417400237,324.886386967764,2357.91071173862,0,221.740702940905,351.735154074465,1963.17732442299,224.379482067489,256.694495104994,0,0,1.00538621061192
1999-12-01,1397.17165390395,326.53438234247,-139.400924118408,1723.69038388721,143.284004882523,7.08364180607492,289.189506562195,2652.97963849019,0,209.153073348319,324.979267033331,2485.78364558581,121.85193316958,319.607307381695,0,0,0.994478624024466
2000-01-01,1224.90357540255,0,-195.619078847228,1224.90357540255,180.582199915924,9,779.579363322389,1893.29498241657,0,213.480699055137,304.662614926891,2491.93248676496,97.8750067299728,197.859271490333,0,0,0.566474789316571
2000-02-01,956.615815469121,0,-181.8113047287,956.615815469121,178.894391290681,8.95996106022636,1522.49386749874,1616.26038880257,0,215.389129256174,297.210559129863,2521.81471281405,87.3808369041243,182.529970285506,0,0,0
2000-03-01,1165.6818837355,0,126.607008013371,1165.6818837355,200.189311213418,12.3542332979533,2234.40231374225,1919.59132088407,0,209.187220270028,298.773339680773,2374.35683248681,99.2583497150157,159.751009889212,0,0,0
2000-04-01,800.769775326676,266.973434191134,188.817835982965,1067.83688818395,48.9015433100656,2.43631676055563,1898.50813329554,1783.04048183525,0,181.016587987847,302.585129001685,1991.87344169929,122.354006069461,163.698687048251,5988.63525307434,3712.79006929962,0
2000-05-01,574.090950316559,418.049630869145,247.68536201094,992.135684023446,16.0165952394554,0.99746959882524,1476.59883727971,1870.01232544403,0,150.899666819339,275.678122955142,1578.79745367608,113.912860044967,144.823778608369,5409.65028975177,2995.96584908978,0
2000-06-01,365.401990703576,505.216003446568,274.284949113885,870.574280012687,0.144332131914983,0,1112.5633999136,1590.37019373086,0,135.232058064868,258.301633561817,1394.61167334648,105.869756752976,183.54918463863,4565.43052478105,2465.07570842414,0.845555160646251
2000-07-01,342.876113951516,710.235683578769,303.538344320778,1053.11102494315,0,0,769.758380756695,1909.09096635904,0,114.953747320411,267.001475018379,1238.68976190778,120.542039716928,202.563351324394,3925.80662869762,2194.93809143388,0
2000-08-01,190.673445273782,1094.76426950812,300.690555565629,1285.44531727331,0,0,579.064188269568,2192.0873184404,0,130.979803447183,280.315499186076,1202.88147005171,146.098273740727,213.636546862329,3409.94865394061,2002.15057760622,0
2000-09-01,111.134734250754,1740.41182539083,282.875137532587,1851.53125773691,0,0,467.968169368863,2531.81663134359,0,180.611017452093,340.728010674919,1376.7006799923,235.737265113706,299.961417026027,3083.23090583127,1835.82830390121,0.94578834184971
2000-10-01,167.074565117229,2031.85089432525,249.234816087902,2199.02360588667,9.78094053030477,0.340983119827029,394.114107783544,2734.52800959745,0,212.7641483002,367.453718485003,1540.9817535999,285.317655582082,307.629242678869,3280.09849326068,1966.14952808711,0
2000-11-01,876.535612208568,533.017254485996,311.266686773921,1409.60862974002,86.678437818648,4.19613844964014,341.159092252443,1971.66577161741,0,209.739143058176,340.326880740788,1869.66598945644,206.498624349195,171.019626001672,4031.77478037647,2570.18740984457,1.00875311602512
2000-12-01,1203.70694021767,0,271.83271835468,1203.70694021767,202.6792920377,10.0094289733945,1062.86773098856,1774.49504166084,0,206.906990380331,305.807768799541,2372.82328572128,105.976789548379,207.127447238558,5451.87411980583,3584.66423711517,0
2001-01-01,1183.95538881795,0,263.078034345265,1183.95538881795,202.62713819002,10.1293346409034,1804.0635786042,1886.60377102497,0,204.698760676029,310.70949232236,2433.19404400018,104.833657318362,136.212743112768,6315.93485026491,4422.05837922178,0.994710011118519
2001-02-01,875.687368568861,0,401.315220238559,875.687368568861,287.287463455482,106.799247046937,2732.73482593916,1446.98934531651,0,216.982205012573,288.386625005261,2466.0904204189,83.804213920422,175.878938915112,5658.89850539839,4071.41660051072,0.007589441955182
2001-03-01,1113.3980852331,0,521.830836562067,1113.3980852331,203.967889463584,92.500683720719,2733.92921044,1835.26401488086,0,208.627594733554,294.784185471538,2358.91892042351,95.4975369327543,150.959309869133,6098.09727720422,4169.96050688455,0
2001-04-01,876.733888309487,329.13163345236,524.58311130981,1205.81927616284,32.7747765939946,1.65661760656531,2168.46210372265,2037.01490352795,0,187.08484990024,311.725930283988,2089.15853297209,128.268385104237,187.752338592689,6893.26426034244,4161.39866558148,0.564956466508195
2001-05-01,630.863735266323,505.787709633937,532.978735408277,1136.74068077561,2.4566248581746,0,1560.58982508572,1966.19136659999,0,153.069949570531,305.958809319961,1724.58400787553,136.23731341216,177.600665574593,6005.45464934401,3340.76160130983,0.584225304156704
2001-06-01,417.038256993614,551.326739505437,523.396936827882,968.345520489393,0,0,1143.57821950075,1860.89694972344,0,115.015788583436,271.515203409352,1353.06668287448,113.865402058979,193.557883183416,5283.36591067659,2822.17462815301,0
2001-07-01,331.416358535984,736.015641755455,500.048575862609,1067.46084329375,0.05729790671352,0,812.716951543176,1973.1100381941,0,108.739999911066,266.934431581581,1213.88071169415,120.18918494306,204.090628526395,4406.74076823478,2410.45274240984,1.01077036885846
2001-08-01,213.208073042178,1201.97185658985,465.337296753984,1415.20546952632,0,0,599.474388667105,2285.19284710837,0,141.74674967137,311.762219748391,1348.27913091173,174.948196692377,219.562997124328,3674.59943039991,2100.0296471427,1.010296785546
2001-09-01,128.674791336653,1761.44249106121,431.384387387812,1890.1129675535,0.962829807124297,0,480.157718448746,2627.67204309646,0,185.359433591165,339.114684440408,1390.48502489663,235.285653101484,305.515675294144,3292.85931102392,2074.97112187812,1.00975032615934
2001-10-01,175.209038617899,1992.99827235541,383.8748695651,2168.24857729926,10.2558769504521,0.592364602705877,402.301067713957,2780.23358143302,0,216.475719611055,371.191531950353,1595.54952739689,289.297675192211,284.042985042873,3228.02062280442,2064.13652838756,0.993899104452075
2001-11-01,948.691102412226,697.430371090848,429.162573144625,1646.15880463378,94.0535037586941,4.82782045699506,346.994721923019,2234.75130024434,0,230.635756676356,341.975363598086,2001.48034670218,212.728576180722,231.336729418172,4381.46069175386,2952.05017477677,1.00944093207764
2001-12-01,1219.41098772734,0,401.821025750398,1219.41098772734,228.840180192231,11.5225819389093,1302.02134259784,1844.73607282259,0,208.323945600617,311.828522443561,2409.18126025104,111.135773043785,174.578137304434,6583.10734718069,4660.69251988046,0.605744338109686
2002-01-01,1089.58080818844,259.639970152104,245.818461656603,1349.26622179869,97.7546697114311,4.93101800622478,1140.96603536049,2107.59688042269,0,207.867080652605,318.663795365744,2553.37980779132,105.653512686383,204.243546768947,6762.79021206122,4926.5810564763,0.863389275169712
2002-02-01,1038.25134430128,213.755401474062,100.15011741108,1251.91788082665,97.8337137919798,4.83337719074711,1032.31634416959,2288.11161870287,0,193.734248957326,317.159675511009,2512.13035314996,97.6153008443,200.708938053129,7012.31406381478,4640.73195334485,1.00697544264433
2002-03-01,734.238955456994,768.571586022731,-320.320114938008,1502.82368149838,43.4568986235285,2,711.125721047697,2493.59977896275,0,191.627568343853,323.784159081838,2433.14843255782,113.042918187823,227.395163210808,5516.36467394676,3532.85127455828,0.844719163812982
2002-04-01,863.878950630569,386.97706394654,-277.055661351899,1250.86477075851,79.0658565330677,3.92880907025817,598.286999574827,2096.02539212565,0,182.426376736838,317.070042524533,2092.62947055728,131.923200566174,199.738299579716,5489.16357101326,2936.13561953235,1.00943068735376
2002-05-01,118.500456235683,1051.01438760331,-344.661395236995,1169.51140678142,0,0,479.773359160922,2113.77845353618,0,139.564618662838,305.886707543625,1647.38161819663,136.432207766132,174.24702875571,5166.1938275702,2792.13414696115,1.00878157549179
2002-06-01,79.9225788946021,849.295844006941,-365.476030250158,929.17588405498,0.239489801398262,0,402.164569953916,1789.54016842547,0,120.842147635924,267.901783519625,1357.23881743698,112.302581384778,180.415693491579,4387.29988995206,2291.62958545377,0
2002-07-01,55.2046381908743,1082.5337714628,-374.544250944678,1137.73780934357,0,0,347.007321799399,1989.50472066083,0,119.896726804856,295.707286584627,1372.20528845842,141.611129167923,198.57409619123,3619.64648191723,1975.41168104539,1.00958810377875
2002-08-01,41.44094463841,1392.69303255461,-365.608834700594,1434.14454964599,0,0,305.519923488682,2154.51343246033,0,150.473018437901,298.970904183325,1340.03913813256,164.354857312616,266.893590124678,3209.75127888131,1818.84492668178,0
2002-09-01,41.4432664018919,1806.76731600496,-343.375312922335,1848.24981133845,0.975457475639554,0,273.208878928569,2481.89089488623,0,187.380305261967,331.929011465412,1386.42965006881,226.34100381428,318.924222872056,2965.01717000152,1753.38527845937,0.999567292964777
2002-10-01,273.606235443336,1863.58169580937,-265.068257072287,2137.10297014972,25.8441604876913,1.18944895978743,247.118848249473,2587.12146849194,0,227.947973192307,365.101051534658,1629.4507939144,284.71406872063,303.093686122987,2900.3571236422,1857.01138778138,1.00966060358595
2002-11-01,585.756572164291,1267.05689799073,-247.287002396795,1852.87829064861,59.4089368046198,3.00283614886187,225.765261507741,2474.65045633831,0,221.379990210329,351.560854957896,1993.59980902957,220.630565858125,282.144873898963,4840.83358130687,3101.13137939954,1.01068394717273
2002-12-01,1485.12748262436,0,-273.243528246558,1485.12748262436,188.916547436985,9.58692794807852,535.511203719256,2261.94793801175,0,205.516991786185,317.464927660068,2413.28208433486,116.039551166432,256.730949782949,5593.88544898519,3991.19711563665,0.981327271877407
2003-01-01,1352.09351572727,0,-298.120623132156,1352.09351572727,181.43809968158,8.92330740768995,907.135112001452,2170.99911566284,0,212.826130199225,316.504546365662,2528.81655056682,109.073950081564,165.981485888951,6553.6255641076,4047.86970606163,1.0103863199859
2003-02-01,1051.90779677981,0,-219.943234060399,1051.90779677981,232.762617201571,11.7249925859137,2067.00819864553,1830.35992533238,0,216.643813009046,312.04795174533,2630.16047125543,96.1414007201674,160.563899094542,6965.14117225257,4770.8264693614,0.69572867360192
2003-03-01,1167.26563855722,0,64.3994005963424,1167.26563855722,201.3450959966,31.3739195529726,2599.57730820948,1850.80157474512,0,203.863665195936,306.153895567934,2373.66757442906,104.43894837641,175.82921276598,6437.16790011486,4107.2100301427,0.94358307524411
2003-04-01,797.554223104657,388.333303545868,167.867738445399,1185.86587750117,18.6055112572684,1,1978.92425983133,2082.3939182258,0,170.9725171191,312.057241193657,1980.4394069894,129.155448763447,163.700027621107,6638.99400315781,3857.27935724201,1.01079453546086
2003-05-01,598.246208639747,528.616729000864,226.127798753477,1126.87019756189,3.72819512917614,0,1415.83269593284,2140.33323338998,0,137.559432171629,297.472289993225,1592.15637443822,130.547895767695,155.207586551549,5763.60715010919,3260.75865766948,0
2003-06-01,368.202306593255,543.466133958435,238.546119550989,911.646169029542,0.123081068545154,0,1048.7860807241,1789.64861567806,0,129.461325354739,261.036557791052,1368.48985860731,108.314495470994,176.230545146571,4970.6088613282,2718.78255603951,0
2003-07-01,313.181525601774,787.707670680483,238.756380424214,1100.86173866227,0,0,735.591493759685,1934.55205875583,0,103.512969964998,267.620799787516,1191.20154926187,120.9298821032,230.909111920722,4274.66470884017,2337.0314266706,0
2003-08-01,174.51951187434,1245.76019945689,225.352234863891,1420.2653056502,0,0,561.066336079942,2329.07950748234,0,134.393478477258,304.352581795247,1301.35596331986,166.361578733493,230.401731937423,3466.49777554416,2065.49894508488,1.01134463779608
2003-09-01,105.142331594202,1766.74227710452,208.899623566226,1871.85162906377,0,0,456.672212312072,2601.8778533971,0,178.803957275024,337.943035940962,1357.59073890821,232.373153071554,304.688248732936,3133.22577478284,1868.0863051237,0
2003-10-01,236.354847427168,1891.80542907807,211.172531468394,2128.1851075034,17.4933633066518,1,386.279654926017,2615.46766320997,0,226.550535216655,367.123742897615,1629.42417686539,287.020888175055,293.31649889909,3190.5464835756,1824.01005418943,0.915617920782494
2003-11-01,630.020767446025,1226.20166745967,187.772540396082,1856.2258529962,60.9360260975843,3.00357232402791,335.302458979666,2378.12366651629,0,230.13812456623,361.053428796895,2082.25815734215,234.54802718601,281.970284085216,3160.13911978046,1930.22643310926,1.00846870949197
2003-12-01,1284.56318120233,115.121691290784,27.3858446534262,1399.66856198194,133.652455011803,6.85088963905803,320.417802683713,2132.32853768221,0,206.31951259266,321.223535747871,2436.43817281339,119.478179155113,207.957801123932,5830.76159912786,3688.69507582623,0.778888688954297
2004-01-01,1280.14372073917,0,-23.1841933559524,1280.14372073917,221.030627257364,11.1009774279979,1139.60224642542,1966.26142602213,0,214.867080652605,310.825812736085,2526.68553834136,103.432087208128,204.137941941975,5493.34510742754,3759.05820516421,0
2004-02-01,1202.40430145282,0,-84.7312678788947,1202.40430145282,172.078801031919,8.62645835164766,1571.95477224304,2152.68310607635,0,205.391580796098,311.666328777021,2535.40515144748,96.3949583699482,207.790706925869,6490.05031809763,4550.5493791693,0.924231065488398
2004-03-01,1257.09846835409,0,93.3502381230103,1257.09846835409,166.946021483235,8.56837367953157,1899.3088280818,2068.45409344794,0,208.868098203894,307.592403255153,2481.15322296408,99.2934406628524,185.355373356973,6883.93727527125,4463.03724052208,0
2004-04-01,651.927872278641,458.284575912551,77.7405945601304,1110.25878000568,20.0210176778501,1,1437.40324117861,1860.41916232626,0,187.427233760757,308.700724904388,2092.68735635744,124.430310615159,167.501194138237,6485.64826552637,3770.34145911044,0.013625020974747
2004-05-01,427.911410099373,616.126753598186,76.733580663379,1044.03261416411,0,0,1009.44749805798,1976.61477821535,0,132.85992468246,283.810640351307,1513.96000527111,119.986583958415,152.628669870146,5709.64332917855,3197.06070962435,0
2004-06-01,273.13336208893,623.358083320993,81.8918292834355,896.596218251551,0,0,736.31445806706,1701.35359265933,0,110.225140115117,266.633825302577,1306.25354896154,111.294258487034,175.286554045527,4832.40229206275,2528.2722987619,0.903510948967406
2004-07-01,176.788017724713,857.379223763117,64.2561601052718,1034.34177995881,0,0,559.551181447924,1934.21318210878,0,106.796992651589,273.175203464082,1238.38646316097,123.52804823278,180.065664964022,4115.39061616493,2216.94160722759,1.01188473485004
2004-08-01,104.549086912932,1364.45035384091,41.0887971700938,1468.99128483125,0,0,455.009545358305,2311.60408946298,0,137.240813938415,319.764847892365,1375.15991111991,180.661334042989,233.824281329604,3448.48851345173,1982.58214773145,1.01187435330181
2004-09-01,70.5312526402532,1761.60394578191,33.6602030997895,1832.19209591691,0,0,384.765712390231,2630.56655995629,0,177.1477530786,336.947468948919,1348.12528603666,230.770205685742,284.128440897163,3139.81983612677,1930.56556720784,1.01148852571257
2004-10-01,250.245389293411,1742.26728126907,74.1634548650607,1992.56944587444,21.0002625629856,1.04308449595672,334.039613608947,2494.54943447711,0,218.539852108219,367.211974784241,1582.20226744483,285.45350264701,258.313644877749,3319.2264597016,1932.71877740708,0.907513164085365
2004-11-01,535.177965814138,1273.99994200423,31.1565356154924,1809.16635024111,52.2355519723182,2.8868813428065,295.565012695449,2401.19599581187,0,227.992862791686,363.735154074465,2063.45078673121,239.031829314221,248.318427536414,3587.68434526372,2068.95667188225,0.993676867487028
2004-12-01,1244.94458877732,0,71.5509236053226,1244.94458877732,247.043689252808,12.4119235954027,1397.92423658855,1846.4565565665,0,208.126832408127,314.475635789978,2414.93676167416,113.888600042621,191.150779103326,6014.80057947097,3993.98992847667,0
2005-01-01,1311.11488187574,0,52.6518875733758,1311.11488187574,183.674294789549,9.11082006807622,1831.54916036969,1993.1819286818,0,211.276281320026,317.889745369319,2543.85210023025,108.233664108195,208.418192936591,6815.85859810732,4649.87062272438,0
2005-02-01,1162.84641589211,227.941501370452,-104.489469500313,1390.78230065173,100.126192333886,5.00904468941052,1619.55447597033,2506.97947206233,0,207.597074317709,329.405915927853,2694.76862478362,106.375327015084,222.125932644181,7110.97045109697,4445.60629468779,0.046729264152954
2005-03-01,953.48841172312,527.219465730847,-172.18333624652,1480.77115070384,55.6135169655166,2.87115024205667,1194.48764324067,2472.14171967126,0,206.613742603445,329.162855290376,2572.59274745007,117.552647897769,178.704461638132,5879.60419475025,3578.02477943116,0.996556592667094
2005-04-01,532.213960066211,833.183482458805,-237.79965561697,1365.37451661355,12.6966927188712,0.954313647152426,783.032439526885,2378.14586235831,0,198.151976662133,315.943969944817,2179.28997276885,132.69353281302,206.304958612809,4587.0562923367,2747.9479271362,0.936077044838763
2005-05-01,202.214924359217,1008.85783266159,-297.224804334822,1211.05555274879,0.48058068629641,0,585.541335438583,2197.36899483802,0,149.943346426137,306.858220024089,1714.06115772969,136.596195008773,181.631051390993,4067.40986397353,2403.40378817891,1.00769520718466
2005-06-01,114.633133629031,900.346010605826,-321.859368275374,1014.98048159238,0.092234655235577,0,471.905538519216,1904.55372520643,0,129.441920510048,298.664783927698,1517.80916765893,135.086158011883,171.660247276457,3764.1392647276,2237.36785263207,1.01145286586402
2005-07-01,75.3327292662984,1049.94948139022,-328.928667698084,1125.29940700992,0.019129471668955,0,396.788102520655,1972.7796242093,0,119.086404617907,284.688261902133,1317.51575261614,133.836934036694,208.989052635396,3493.63717453243,2124.71106961996,0.935105386653581
2005-08-01,53.7466780617271,1478.39046201303,-323.604465469172,1532.20384237807,0,0,342.980631293637,2357.32658552847,0,139.960437939052,317.967201398741,1383.50391109733,178.71201754137,263.220307960797,3248.22937649855,1991.39872947378,0
2005-09-01,41.1891988647813,1767.18882090886,-305.971635928852,1808.42095928872,0,0,302.480819373701,2579.6580802938,0,173.19986483616,344.722836668791,1357.66880162711,239.038028773155,269.291557074442,3106.89540919161,1941.7336263123,0
2005-10-01,34.205532823965,2311.84430928251,-331.813333828178,2346.12883487847,0,0,270.735320211571,2883.263922115,0,220.33811377433,389.049091975378,1714.52238010816,312.871585099176,314.439714601289,2975.209250153,1945.96594225229,0.920094967735192
2005-11-01,774.928689418707,1076.46657115865,-265.050606757886,1851.43106755319,78.8877167658238,4.03038292601751,245.193405071817,2428.47595061929,0,238.38536141234,370.310691061265,2215.71804427861,244.091167728014,254.938236264957,3366.85574458276,2192.39196606197,1.01159683929574
2005-12-01,1223.80965394432,0,-186.929434453149,1223.80965394432,266.039382156049,13.2951004262373,1548.35130758146,1818.47342967599,0,207.98311695375,312.621123458991,2409.22407577044,111.891564958856,187.470310167065,5800.28364841029,4238.48808308498,0
2006-01-01,1234.46558943783,0.022141215513382,-203.535672632941,1234.48773065334,139.731787856908,7.00314167421192,1641.35894780176,1923.14756941107,0,211.876409112537,307.428438571174,2503.68366614345,99.0946266943373,188.482216659616,6130.32720985436,4421.67723465119,0
2006-02-01,1163.00722995709,0,-192.032438757253,1163.00722995709,171.934790382315,8.63065853847922,2111.29109120986,2114.57350875958,0,213.852397169957,304.66632877702,2562.26579581795,91.2231755618034,188.909145647547,5859.12090159768,4289.35548360895,0.837462358977487
2006-03-01,1234.72906817847,0,-74.2689866457512,1234.72906817847,163.329033955662,14.5853939248618,2363.41516362813,2051.800154644,0,204.027549068939,299.785016105757,2366.26476205316,97.4322956918947,184.595279424688,6745.83979589503,4295.93252765866,0
2006-04-01,732.357683353696,461.712825651133,-32.7570868746216,1194.08634710102,10.0263445663726,0.513451358975527,1725.94509266155,2040.27677829471,0,197.312333328432,302.477938483779,2101.90586415754,122.404343560041,189.914317413201,6199.46383683213,3523.72348237761,1.01209072392246
2006-05-01,520.164887263134,514.612879217267,106.259570020616,1034.76974661099,6.66881780639506,0,1269.41636854116,2004.82010387247,0,137.767856420874,295.468025533875,1605.1659904142,126.879199904635,124.453162095018,5329.73896072287,2928.17620849983,1.01041055500048
2006-06-01,342.213387565338,575.469916544926,146.855591230205,917.747972987073,0.164020422173644,0,928.769979996509,1863.70523065078,0,122.767992610885,265.871729139396,1353.10695260014,111.570814855127,162.332821125717,4688.9661344141,2577.06839416207,1.0117903431454
2006-07-01,270.115154358372,834.027251735859,147.471477470927,1104.15163759809,0,0,658.647288599345,1975.80568432103,0,112.937199182211,277.931901180406,1266.71614006415,128.559219326634,207.886775835313,3963.28145486165,2209.74084931628,1.0109422886655
2006-08-01,141.77450665968,1263.4876122503,138.598804476433,1405.1737475838,0,0,516.871294949291,2280.10294812124,0,139.231805609668,299.319111462367,1314.9449772344,161.271743728128,237.570008814811,3420.25166590556,1986.22291863306,1.0061651516875
2006-09-01,89.3178215652603,1741.35609819296,128.502895837816,1830.65289334081,0,0,427.525002488467,2627.93906149469,0,169.936832514164,324.921684483849,1252.62963508672,218.571144820454,303.299255427335,3151.02054820294,1939.16925334945,1.01114877372622
2006-10-01,272.464227400891,1902.16166759992,153.496837477412,2174.62172597537,22.1512843044733,1.03260489435739,365.510099148656,2661.38080873574,0,226.9480637006,373.66414906983,1661.72299853019,295.536107113796,296.401217483632,3261.4007534468,2012.03919577499,1.00578199217327
2006-11-01,601.189417507646,1112.90018657502,141.084624775398,1714.03692117536,58.3485386810078,3.00030574768711,319.711425081471,2333.29648382464,0,226.189216395206,349.8669942661,2011.04724661185,220.225596880988,236.857303824301,3815.69259327718,2273.01630963257,1.01219931115434
2006-12-01,1334.61045921501,0,99.7221234798564,1334.61045921501,196.361239344496,9.91207517798089,850.744485903663,2033.85486567591,0,211.112632765166,325.037879687595,2520.76124751967,119.906720685455,178.209508245115,4794.74047784364,3066.52941588403,0.395610411177553
2007-01-01,1089.22431719429,0,200.153646601716,1089.22431719429,277.953882518457,15.8918911102454,2382.45903092163,1665.17432870451,0,207.47124860056,300.124057897944,2415.6618263144,95.4306215792161,164.20688759219,6094.58451978687,4639.9814405061,0
2007-02-01,1063.09294254229,156.933443772151,93.9190134630235,1219.96734331821,88.9598813096275,4.43197053246995,2165.40108218297,2183.99242453111,0,206.944952127408,318.193908785018,2577.4467383835,102.079668642503,187.521919750682,7047.22721263038,4859.83233053687,0.422227041860269
2007-03-01,1124.29600248197,292.401166123767,4.46512459940847,1416.72453304938,81.2247415673537,4.02876860491009,1813.04122603164,2339.29848051422,0,193.521892505839,329.991254627606,2490.64801239205,117.447917009437,179.194310103442,6637.41265373438,3971.25868374472,0.943426154807425
2007-04-01,637.444741693918,508.760547072354,-100.367739454467,1146.14936397914,16.3377685361567,1,1330.89069876781,1933.17830480977,0,184.01476846672,317.229856996214,2101.90586415754,132.259909768774,160.402995325107,5658.20314009893,3279.86215844152,1.01170790646913
2007-05-01,447.720005513961,723.461353078465,-118.453818981362,1171.20099425721,0,0,884.901112301095,2144.03793207364,0,130.88958143848,301.682582746165,1597.32423549396,131.814283566657,180.300190423156,4556.12918351665,2575.04770709119,1.01273167763203
2007-06-01,245.250676007333,724.458444225379,-128.798784979181,969.724270400885,0.102967515868882,0,640.724151365032,1839.25019526327,0,120.367092453572,280.29720055386,1399.95144014567,121.215050167797,181.439598986007,3981.87126275015,2270.66411686883,1.01126281682942
2007-07-01,134.39283847143,913.25208420487,-137.325117676174,1047.66277538585,0,0,506.351668177991,1941.4483839344,0,109.896662686264,274.931202015812,1238.60481541063,126.765292292874,181.961885609969,3537.8404969879,2044.92376826388,1.00437825976553
2007-08-01,85.7546055757354,1335.92330612498,-138.085182071833,1421.74750796053,0,0,420.490066099104,2307.74936403046,0,131.763680827943,304.775317847956,1305.40875838767,165.185996167594,235.605158254402,3212.75018562996,1827.51827784818,1.01090331082624
2007-09-01,70.823358322881,1795.05804206892,-127.660792361456,1865.83617721839,1.05663140856696,0,360.50910932109,2549.30841019071,0,185.640614159999,349.034427425588,1433.99864107579,246.022638566454,290.1331658166,2950.83293282201,1841.38742446254,1.01152919675328
2007-10-01,76.8946528617009,2142.85689703298,-152.896009716473,2219.8633506916,3.34295316315539,0,315.866584994848,2788.7993354858,0,225.709618455894,362.115040316555,1623.98083057608,278.433135681374,315.331801197133,2872.00745854195,1843.44843162271,1.01147838360696
2007-11-01,1255.23343653765,303.291473561216,162.27657595086,1558.53318483498,128.909605868194,6.34410996586615,285.363865812391,2095.42950053858,0,226.379977844967,353.948111725409,2025.77052892965,225.345498768767,198.987272091669,3271.05590071067,2094.68829612377,0
2007-12-01,1013.65358407369,0,331.496012914707,1013.65358407369,379.301886786646,43.8935239879476,2625.73433997872,1431.22821035072,0,213.88985913749,294.818259979772,2353.68560160481,99.7423732567496,176.121728318459,4071.86061236148,2992.26277018112,0
2008-01-01,1031.48965337308,0,537.879354103953,1031.48965337308,297.483490360321,183.547123488408,2733.92921044,1564.15223568483,0,216.690256299922,294.836295228066,2448.32568371218,92.7706209942987,152.918097451368,4439.3616328482,3703.13334488017,0
2008-02-01,928.156662963333,384.630677916013,332.750530701503,1312.77071478634,28.1213019614578,1.02668125311913,2073.11240165433,2459.83526313936,0,195.643748890453,314.66632877702,2487.46167112311,98.0270619968132,196.363897264537,7536.14556289563,5473.1777941855,1.01051202736569
2008-03-01,1020.67917358335,330.233191385363,253.828037389573,1350.86520339226,68.2251953402257,3.17809210159506,1700.41328243412,2264.62951694021,0,181.01651442848,312.859914352338,2284.411587131,106.072650726581,197.932174757628,6790.81194236366,4406.98408145034,1.01455322032291
2008-04-01,643.728344419976,660.663527911345,168.819955966998,1304.3962515508,8.61358547954177,0.041781498066181,1138.63785341762,2333.48419015773,0,161.407302746822,309.637317927314,1921.59715052802,126.079908954677,202.740495158355,5961.0406815308,3398.8539630574,1.01481352866584
2008-05-01,391.966531326099,784.166244374449,68.1166749045408,1176.25729156156,4.66485610173325,0,791.205751381316,2135.85783668077,0,140.294609574383,303.667814313652,1636.51529443074,135.198748943472,177.763182160084,5156.07998861259,2877.89287125011,1.01521881952014
2008-06-01,192.245052948721,784.338871550402,-120.618199213338,976.557216804994,0,0,599.035579507913,1945.73819841635,0,112.020221591394,271.489036678436,1343.76365691816,113.522757773332,187.036419377669,4560.69455473896,2513.92163972945,0
2008-07-01,119.212265430108,982.145174994677,-192.050801610679,1101.38380760113,0,0,479.809778983265,1937.17588254994,0,117.757651217433,276.931111507519,1287.89288777896,127.534280580499,213.295414143854,4005.20461812605,2325.1122644504,0
2008-08-01,77.7468589756968,1321.71228619298,-232.941816900972,1399.40197879999,0,0,402.027938227237,2316.27778079549,0,136.020826673199,303.558075094521,1295.66042087041,166.851269869667,220.600918491571,3470.30758296238,2060.45876768128,1.01176214022441
2008-09-01,57.4540577713823,1775.21903778329,-230.629987354153,1832.66860184869,0.096204278517895,0,346.758539676396,2694.97150221876,0,178.799132526239,344.943035940961,1384.40623968485,240.216298008989,263.271215472336,3212.82274671841,1968.2541640628,1.01302058226598
2008-10-01,50.2696659197284,2210.56122499521,-267.723867235349,2260.87009952835,0.998777009251618,0,305.407100402979,2853.4434078767,0,217.062844395858,384.101426104222,1671.10538999806,305.324945655689,293.136790406943,3297.47256211502,2093.58203891731,1.01278274732401
2008-11-01,732.804635351805,950.923215411453,-204.957409725162,1683.73099240326,73.7744828696126,3.71307617370888,273.034220823134,2291.16260015004,0,224.005482250832,355.914546095438,1983.91771152552,230.787409803835,218.182107321082,5415.21319032833,3418.09473536297,0
2008-12-01,916.647486154389,293.996955743636,-303.51630538032,1210.58559707255,93.7905686322068,4.89600407253117,247.543288550087,1810.98496671273,0,206.743977692409,311.819819862501,2384.59058838601,112.451042931922,177.749350741529,6774.64488434935,4650.12067022378,0
2009-01-01,1224.6621687648,0,-318.190732374914,1224.6621687648,193.234993512889,9.68065705053111,858.138748615101,1907.90059865114,0,211.469429079433,318.989906854448,2515.24990367675,112.732681155975,144.060043222329,7469.90923262032,4953.36803483869,0
2009-02-01,1037.56513684506,223.148709059622,-404.831226712331,1260.7431404394,100.61355476282,5,776.388475003672,2251.83632491862,0,209.040321000012,312.838169324394,2554.65313652626,98.7905769441928,227.676615201905,7222.95388561828,5030.93303348918,0.391681397091639
2009-03-01,1215.81464046898,0,-292.333433322309,1215.81464046898,175.108599279834,8.89377509202193,1224.10344543797,2078.94629153728,0,196.875760743414,297.824178490155,2303.50158770908,95.9757001138029,159.099345148897,6620.19960977111,4267.86739209813,0
2009-04-01,437.236434291358,754.961776083308,-332.8869670452,1192.24402973639,2.51725869329422,0,810.525168882118,2139.99791384542,0,163.396044982554,301.623529761871,1883.48844223461,120.985080275657,176.937218149274,6409.22685033994,3655.46025589529,0.591950681112516
2009-05-01,444.236572773152,612.683255213209,-311.628685262714,1056.93800108364,25.7650230255699,1.25325036283701,611.399016243951,1986.48633218733,0,142.555650525794,296.880251576114,1632.4706305377,128.371619424599,139.207702252344,6054.39061164098,3239.57119021186,1.01266791748075
2009-06-01,123.52697742321,886.28397396057,-335.20684495478,1009.76597539789,0,0,487.901088818875,1934.55075406475,0,120.767992610884,291.84943781215,1465.55952861462,128.088137171032,177.579478510096,5144.36311350511,2672.04626802668,1.01347220526883
2009-07-01,80.2815516494167,950.660262070429,-335.856820275365,1030.92674410611,0.019038963375611,0,407.777075559376,1808.39799079115,0,112.947322599812,259.95351296003,1219.5527883464,114.390882726086,217.146849894084,4182.63384921215,2320.70748484087,0
2009-08-01,56.675737295403,1381.15471282773,-326.804602172268,1437.77708631708,0,0,351.125095699011,2330.82910205922,0,139.813650248044,316.187577001318,1384.7245660921,176.123006619831,221.171503963245,3624.94241620089,1998.34699039425,0
2009-09-01,42.4926213507219,1817.80452471346,-310.76822770669,1860.25003612123,0,0,308.707502867295,2543.31094006169,0,184.803957275024,347.754452334182,1453.17408192746,241.684113434325,293.195406567291,3237.91721246585,1928.92753212852,0
2009-10-01,121.087515294226,2160.33551822839,-300.802644973182,2281.49668050745,9.28546546609209,0.134217864339494,275.67431416708,2790.57402839553,0,218.163718214778,369.89617609302,1595.53244554709,288.306524447331,329.565625473537,3212.75256059069,1893.48539769488,0.934379653150593
2009-11-01,1035.96943227767,448.051253365415,-151.337633936711,1484.0849449579,106.289173227606,5.24308875456691,249.211605533663,2129.78379258483,0,225.379913726374,338.961145295913,1940.93346019089,209.736627331248,173.318961282222,4025.20233061572,2622.71251144557,0.99901580528293
2009-12-01,1303.04530294112,0,-138.131026352418,1303.04530294112,220.227795435524,10.978957933483,1038.22259452661,2050.49117754506,0,211.013921140118,317.905447429426,2465.28071124948,115.622023342657,154.844633296039,6826.04763932694,4327.65178056522,0.647057563940461
2010-01-01,1324.15550917073,0,-116.469857591392,1324.15550917073,207.078650903082,10.3117572872688,1680.90080992267,2122.11028567237,0,213.262402509468,328.918691553143,2677.59860309036,111.725926025377,137.060618425451,6702.46670535142,4030.49552066416,0.990405328652025
2010-02-01,1020.77447684941,0,119.074635495465,1020.77447684941,225.872415459748,33.6842043359837,2580.87634312974,1676.95712263669,0,215.809253823087,309.235339674616,2602.6502374218,94.6266134403111,208.53101143873,5338.62451513115,4043.36727585736,0.86717623136493
2010-03-01,1213.41425153302,14.4609557278992,195.062780243059,1227.86393699446,126.675604252317,7.23322201656995,2560.36083852206,1995.7212890146,0,210.995723517346,312.991164119312,2498.15965611639,106.237913978811,162.069089707539,7103.27396819289,4824.1314812481,0.517481218847126
2010-04-01,873.289567174704,227.935405640316,268.891340791774,1101.33470772424,54.6141543375058,2.83145907167772,2205.49219882477,1808.14311449437,0,199.411444270871,310.472558012021,2187.26064132618,125.535904000323,168.04852274115,6217.33116292388,3701.98132316432,1.01284592597176
2010-05-01,641.399000954,474.630053371162,324.862355049055,1116.12041805186,5.25092505906471,0,1613.48252452806,2011.20753158299,0,161.926042837856,309.860671256162,1793.02753300937,139.364449823482,147.156058240685,5655.45030253843,3136.07592370751,1.01731744864097
2010-06-01,401.759578229986,498.983406436627,348.346887896621,900.798601824741,0,0,1211.8008442823,1798.4461441791,0,117.946827027569,269.856063149205,1343.82231802481,114.373621980449,155.447392003186,4923.73112230161,2640.11262457666,0.952841671760381
2010-07-01,366.427392475226,684.05605586339,368.635473350509,1050.45870564248,0,0,845.406062516401,1765.29462310274,0,126.252126243677,268.937814559933,1295.12915988397,122.2344892695,217.542742986207,4065.38470164041,2260.27854673503,0
2010-08-01,226.48608123718,1134.67850270687,361.374158582436,1361.22422353907,0,0,618.895129877352,2301.11711562795,0,126.581290865128,293.954408978452,1229.73138795802,156.943262998425,219.793281828665,3558.18839122157,2037.29251621961,0
2010-09-01,125.834998763465,1765.74208040462,338.937217858525,1891.66918031846,0,0,493.045720695376,2644.32361313828,0,178.615865751505,342.142889335313,1357.68994882485,238.558279080236,299.933204161193,3177.95673648223,1832.9487157409,0
2010-10-01,104.848014615414,2166.59301134706,271.009006772389,2271.4329480631,2.439068198991,0,411.545696802693,2883.26499697795,0,229.399028386973,387.767064524615,1712.99116191305,318.008306598726,281.437696430533,3045.74923013029,1852.64734914755,0.988230864630239
2010-11-01,851.699842619559,831.543669943691,303.664924444731,1683.27961502507,83.557677897882,4.11841623142759,353.893493664592,2261.53996710781,0,226.400714129591,359.179007925122,2052.59565185641,231.147677278759,221.524111156226,3693.21744464023,2359.80980786811,0
2010-12-01,1201.96823451363,0,283.217734597258,1201.96823451363,220.679850189278,11.0077944367159,1248.14311634147,1789.24256574936,0,204.519832980388,306.39244809883,2344.04007870392,107.931161755697,193.205316250549,6242.27562024137,4517.95865902571,0.94257391008153
2011-01-01,1109.74675292092,0,322.027140669934,1109.74675292092,228.494576839524,12.9712069380114,2293.39112998203,1765.25610758242,0,217.102433068844,285.833470538115,2403.75607197429,86.9720753524304,166.752358089941,7220.63655381884,4771.85501311043,0
2011-02-01,1057.96506591953,180.529170316702,198.102597615384,1238.51724880785,87.9056855524346,4.43523531301129,2070.0735454452,2334.85478825131,0,201.16387923813,300.985173246763,2442.58437842592,89.0568614248255,204.090113696341,6839.70856700825,4435.98563648744,0.783093592257016
2011-03-01,1086.15580354502,203.135809609683,167.3145644639,1289.31268783636,89.8561859647842,4.59331942073326,1837.64025515404,2200.30378309959,0,188.863574687643,314.022614126478,2312.84412436647,110.000448009212,145.048586551891,6610.78236571712,4179.96913752428,0
2011-04-01,625.411716839026,522.228137167611,128.232115889611,1147.68369001902,13.1865346850972,0.921989342186683,1337.01718752833,1950.47663088522,0,176.87033094703,308.057241193658,1995.9189521151,126.10187248866,174.648333207343,5405.40942664513,3051.24222808906,1.01061332870046
2011-05-01,423.57602000555,679.068693964646,88.5510518083021,1102.57910518904,0.07171781730665,0,915.580689734086,2050.52825413403,0,138.963914333183,294.886707543625,1589.97348397754,128.354607371535,159.692087775943,4496.76712924666,2465.26376173255,0.949286342101843
2011-06-01,252.560790069675,687.077068513003,25.0349208599726,939.614787228553,0.061493441569304,0,663.440295294427,1977.11062005023,0,114.9986807544,275.32640762459,1403.78657807504,112.942624497647,152.628824582546,4016.62993565962,2160.62225574962,0
2011-07-01,144.721581969353,900.078786614218,-38.2508603760783,1044.81590669574,0,0,518.754418299506,1986.41269276198,0,103.932318729437,266.86533369888,1228.94922332529,116.58643425715,193.068410553282,3602.87812511951,2012.9472953938,0
2011-08-01,90.2896872196206,1251.18599331142,-64.4060199131934,1341.5124614288,0,0,428.407788023148,2349.94450591401,0,121.48708452469,291.550117907064,1202.7677972108,154.399524865666,207.213408105863,3294.53977937356,1921.91566155416,0
2011-09-01,62.4759149598308,1780.15603410857,-82.1504076464805,1842.58729521474,0,0,366.006761698096,2652.94400139697,0,168.799989550158,348.140979305893,1338.57835685375,243.477663350197,270.368246519828,3149.95819127584,1909.68658875357,0.943101385088379
2011-10-01,131.998826368083,1840.08841399781,-104.685269450304,1972.03195768825,8.95777509339018,0.273625349710569,319.966532095727,2641.27988193218,0,225.225777470004,368.965869599648,1580.60964982253,293.993487507566,224.523228802983,3143.76619906698,2099.34004540393,0.54843105987518
2011-11-01,964.424590993846,686.304093755785,88.1337057536394,1650.64245577802,97.8083927799974,5.0074473685381,284.522148894695,2292.45520898147,0,221.734442185349,348.024833837242,1961.739994079,218.711770969551,215.508814245582,3396.68936062171,1995.36482004984,0.235608895163655
2011-12-01,1399.673697233,0,125.143115315297,1399.673697233,275.883365013518,13.8262893241603,1505.47861230195,2259.13102939673,0,207.315243019557,308.844714209632,2387.91569325215,108.645686164717,190.41845053975,4304.17329687881,2355.70550122844,0
2012-01-01,1257.75871480961,0,288.980220859392,1257.75871480961,317.046652048291,71.224358395055,2705.56040826562,2056.37485290693,0,200.690256299922,309.413666341827,2415.54648125922,101.972293448001,145.412322433914,6018.7205796471,3833.89726748935,0
2012-02-01,1180.94299604001,0,376.221994062576,1180.94299604001,246.004834497412,125.130592914836,2733.92921044,2219.80332104893,0,208.792066944669,305.258207453492,2548.46429411912,89.537324118545,159.222959262034,6510.13971277157,4457.94306369279,0.880486265562297
2012-03-01,1288.33544256538,0,519.02582535799,1288.33544256538,229.944220433189,101.067918521329,2733.92921044,2210.73387272879,0,197.832065025729,308.99652588055,2356.79319638283,105.307701876081,147.801451690087,6020.99199578,3738.79075879133,1.00601982711524
2012-04-01,812.24348872187,358.946899526561,499.630577659095,1171.2357089423,20.5231214825848,1,2117.16300808727,2121.38449818009,0,167.630034027836,297.84430661446,1887.70276688231,118.494325906477,169.942821197549,5444.6796509389,3087.06432472661,0.946159683159938
2012-05-01,627.864632156989,540.308332988429,500.308641660702,1168.24614381994,0,0,1489.3271374717,2187.69467473626,0,140.545583205548,292.497562535725,1582.95438445297,127.068846932553,181.613065210781,4388.06160232645,2487.76351089228,0.902612645741674
2012-06-01,402.230130522128,565.629547998985,485.056898213061,967.77374602744,0,0,1087.07693964301,1924.68726636222,0,111.474457625803,271.333323385176,1343.73376848691,112.975127732652,185.243810563338,3765.03188718852,2128.4826206717,0
2012-07-01,319.431184759035,805.078382696158,454.583307257187,1124.53238900506,0,0,767.679692706219,2154.1410823848,0,106.779889286397,275.517216603177,1228.948218413,126.984770440389,199.72078836281,3346.56180882725,1941.46165906885,0
2012-08-01,191.148953390966,1179.78861278425,419.317962373044,1370.96293422004,0,0,576.571331652013,2291.48094141966,0,136.770804439491,302.018755021826,1285.95133696416,166.275965909227,210.510303014652,3172.35392300971,1776.44873072316,1.01133771106291
2012-09-01,110.596001507104,1671.11532013632,383.556495030426,1781.74798598525,0,0,465.937695404362,2580.22525502919,0,181.594419595902,333.951738522021,1381.07828729645,225.91484893564,273.424986531506,2915.605393855,1775.30752221013,0.986722239248304
2012-10-01,181.806899820729,2027.4319436981,342.631159515225,2209.16716950193,11.4611930983835,0.789611659219516,392.504959758701,2787.52069759798,0,229.975557527326,373.563114278866,1623.82213307456,301.798664677721,287.30392732793,2799.54137519262,1770.77565767622,0.970125649742537
2012-11-01,327.260889933229,1513.40858505027,238.810640744673,1840.67733622395,28.8850631385993,1.1952987509103,339.788368794959,2466.16648355785,0,224.766927736004,346.554295278691,1974.73266241126,217.460600245119,282.761909947327,3004.75436023801,1840.44388390725,0.922317662343514
2012-12-01,1300.00110347603,0,166.534520345383,1300.00110347603,171.954042293302,8.63680224211552,673.478164959748,1999.61304585036,0,207.304800496941,303.844714209631,2337.99774858056,107.299178738145,208.649660508387,5002.96528706883,3061.25290497167,0.686230223984386
2013-01-01,1192.34323748097,0,338.679360449109,1192.34323748097,361.233755232192,45.9604027584849,2633.52466412565,1874.82363078843,0,208.147747828024,304.132229110492,2403.72139038322,102.149714673119,160.944182704297,6782.3856673041,4541.03422215293,0.914875528913802
2013-02-01,1013.12310530329,172.878758497125,217.203156262946,1186.01109865644,77.1005401422755,3.96343081845015,2353.6309182453,2252.31774384991,0,208.387490512194,299.229445826546,2473.546606435,89.221219183654,160.072737335425,6927.38960594596,4758.7257314493,0
2013-03-01,987.133995920633,366.729770849147,132.025033205188,1353.89955662567,51.0484524655303,2.75873428974764,1851.33042041548,2364.94893656177,0,195.604776227994,298.849145507304,2289.82056080937,97.7636508295402,187.123790973731,6525.29365202663,4033.92618767615,0.990824507178755
2013-04-01,684.294850382543,516.40682605613,52.6700907203689,1200.75652157405,19.191025346769,0.866282530907421,1349.01879492279,2211.96715872713,0,174.384812000319,300.652415213467,1940.51301667289,120.812069277497,160.614024167699,5446.16847400062,3183.70139642007,1.01480721764228
2013-05-01,431.303936631882,699.301393078616,-20.9524765956019,1130.59301658054,0,0,917.756434246893,2166.86184514463,0,132.024620975143,287.108753410738,1514.03516378889,123.370624431972,170.82358276361,4732.80264931229,2771.01751871108,1.01364108073388
2013-06-01,246.967531586404,728.973740896582,-67.8132279615215,976.004555720927,0.132315753539693,0,672.031479851645,1973.61815047022,0,111.530703022998,271.850012057512,1325.02931391225,115.571632970058,179.532490014501,4159.05774055204,2454.97672939307,1.01361190293933
2013-07-01,147.4610222922,953.352648000393,-103.101011445571,1100.78902349214,0,0,524.548323373204,2019.44736812761,0,108.455153670837,271.427514931647,1219.54408576534,124.306246235235,210.209489996371,3667.2042289336,2187.53101482852,1.01302841546053
2013-08-01,91.9733564244644,1358.69609586355,-133.768251086288,1450.67302030211,0,0,432.638395749054,2294.10666043212,0,134.017288657492,311.056929117915,1344.18878367595,170.536613717378,243.20338367957,3228.88940975428,1969.20705892999,1.01309966674546
2013-09-01,63.4568861726522,1788.37554827469,-148.365010112917,1851.85713568617,0,0,369.125362794252,2588.65729315214,0,188.372017681614,345.728010674918,1443.68754370207,241.883222102085,283.401640300342,3058.12348600085,1922.0893516358,1.01288079908025
2013-10-01,60.1675668182781,1963.47632200772,-184.565399442243,2023.60506150358,1.39825766404457,0,322.381670531342,2648.92468172449,0,210.938557234183,352.681227567473,1482.1586638089,265.403156160329,269.797180902683,3129.21945330129,1973.91410819993,1.01286193442176
2013-11-01,96.7515777723129,1650.95518649122,-276.90791396855,1747.73985041504,6.41545618950511,0.206357318259108,286.491771031122,2355.43649782847,0,225.735440273592,348.50845671046,1988.02440465828,220.019832826463,251.429594689771,3190.62806432617,2070.57000794214,1.00938406445344
2013-12-01,1339.43209131282,73.7981368666005,-339.89478705068,1413.17434349848,140.3518181529,6.98022222761917,280.467305127539,2215.01544428592,0,206.304800496941,301.857153216586,2336.52947392654,104.254107557785,253.102353147217,4058.10105886712,2618.11580217873,0.863860139098039
2014-01-01,1135.85720221626,60.0041197350156,-416.143425903092,1195.8628578216,134.100048298455,6.68977641099388,418.654114450236,1977.36811352805,0,210.279820567138,295.914258545185,2415.48150877258,92.4160193693225,141.249386657519,6368.07313137513,4959.07353528894,0.39300888412535
2014-02-01,1014.63501603735,0.835738119760331,-467.208721855977,1015.44684178734,111.032361948344,5.68005359349738,459.110778730486,1803.52194549049,0,208.374358754216,297.237434106988,2454.2390417751,88.6374639172582,165.067136527623,7478.64257371144,5465.46393875788,0.476203225288783
2014-03-01,271.403672974313,1054.62276977954,-553.69583230859,1326.01929025559,19.9847126669539,1,377.319812063602,2257.53332843052,0,202.422624200058,303.637753896117,2375.7986327638,99.985184859598,185.596754614094,6426.09300654491,4029.16937034276,0.976451022754388
2014-04-01,186.600481137436,938.612190434109,-605.591947395735,1125.17622031416,13.8964383994604,0.99746959882524,323.667521273384,1911.5967324317,0,174.377085342206,298.665715212201,1931.01644993363,119.357717713322,184.744299807526,5886.4735538242,3560.09915537406,0.986210020157479
2014-05-01,53.0323636586287,1098.59513083511,-650.563075711935,1151.69257548088,1.52119968640211,0,284.708390847376,2104.46123975498,0,142.85990704942,293.80185880638,1608.44676313132,127.320373840983,183.992106075994,4746.35266895904,2657.87253544402,1.01312756181164
2014-06-01,29.7574150612505,965.606107736343,-659.667935521566,995.436444997746,0,0,254.922981256302,1959.52159946558,0,118.235753700459,276.29720055386,1381.13788917968,117.730166711762,188.041882883775,4083.44171333124,2296.8263414252,1.01321335068472
2014-07-01,23.7557096845585,1092.02887146147,-647.292035971407,1115.77112330507,0,0,231.129459628547,2052.19712265037,0,111.722280603759,274.488508012175,1255.10186015751,125.482439509778,211.066681591757,3547.16824401888,2033.840117678,1.0134054520847
2014-08-01,19.4507208681135,1357.31971536408,-617.427945530156,1376.81882353586,0,0,211.621456725167,2272.12085973302,0,135.002235530902,302.110624685095,1295.64265350409,164.489087986992,218.364801783076,3152.1619773275,1890.81199448022,1.01356139764783
2014-09-01,16.3310276693363,1776.21294865485,-581.473908897897,1792.56447277552,0,0,195.329649589926,2586.67956306661,0,180.593087317928,328.96658140325,1319.52438721337,224.33096346523,281.303561925496,3018.05131357729,1814.76129400973,1.01345434968998
2014-10-01,85.2475791596961,2104.72957420056,-553.290638086891,2189.94571351219,7.53173509460787,0.200112451252597,181.533972045047,2830.87427388988,0,215.947973192307,359.666679471004,1531.74896341324,275.670368881157,301.341481052265,2957.485123873,1856.49640732818,1.01336230110249
2014-11-01,64.4076618725093,1930.57531290524,-632.76070770234,1994.99423510744,5.49928708471285,0,169.582050608024,2597.06922618831,0,230.979626808927,348.74647874509,2054.18108114996,218.263381134666,341.557553953514,3115.79282304384,2036.78318093782,1.01244126793013
2014-12-01,1345.03144971642,0,-397.065761937195,1345.03144971642,400.046548610241,27.8336504259125,2546.20773110487,2127.87787152612,0,209.465245225825,303.991730565773,2366.62693729993,106.323504808809,200.368176791499,3591.03053612419,2286.97194658641,1.0116763342483
2015-01-01,1055.85087587127,104.124367014892,-384.691868055602,1159.95919459591,94.0980101344664,4.83300631539919,2384.27803001825,1770.36512743849,0,204.87377860837,305.645586044621,2415.53781380742,100.198898336885,178.227422114468,7177.05426822325,5268.81477903591,0.44592409726837
2015-02-01,954.618297691563,299.788890654285,-469.979280202527,1254.43373352868,56.6290209916988,2.74541104823723,1967.97637205067,2277.83575664216,0,199.389050394923,320.194970991855,2506.41996735751,106.32722526064,177.11943049897,6591.25729197077,5011.55947376704,0.774914608345149
2015-03-01,1104.70414884408,357.410797988295,-465.432857742926,1462.1586775767,77.1267214448218,3.81507874666195,1596.06350677222,2566.34177477665,0,199.618512794131,301.810078146353,2337.59907412001,99.4947011601554,212.935593959822,6701.07856133475,4444.77187802929,0.936028797149184
2015-04-01,513.973975017525,533.199732254853,-459.68038610715,1047.16674112679,9.6945081202632,0.449309917020383,1174.46909890888,1812.52429754312,0,179.359484164299,299.686329057508,1968.93629639107,119.994952708904,145.129893784449,6392.83504605274,3739.38664663366,0.537854348793786
2015-05-01,392.772373814304,797.845191584443,-455.252688790689,1190.59704601249,0,0,781.678329027409,2191.43902292775,0,135.964731062783,306.395573234585,1615.842524617,138.437913465726,172.321533688002,5778.14640005897,3089.14889552085,1.01286595363731
2015-06-01,195.824625644223,763.961367769816,-443.914242690842,959.879256361155,0,0,585.902108644845,1910.50867942381,0,111.025618533199,279.303885785103,1347.57790477407,121.1062682124,166.139901381535,4788.69641868407,2544.24387772244,1.0137358829116
2015-07-01,113.463788644322,1075.76823410316,-434.274054716815,1189.3095915018,0,0,472.404421053066,2063.20727637424,0,112.765200946541,294.533469631664,1311.83311751815,142.938732264771,218.388324703806,4053.80628660325,2200.16552052139,1.01374990740839
2015-08-01,75.185853375881,1392.24455583723,-410.052984789751,1467.39264262668,0,0,397.212002525067,2393.74711413316,0,139.859573731936,306.872317323583,1324.71272592441,170.028541376418,239.607079862453,3441.87072986472,1918.22198376413,1.01391669630197
2015-09-01,65.5844843609813,1830.54129930026,-374.63389961447,1896.20353712637,1.18551568006584,0,343.44859696753,2622.25822920833,0,178.968690355942,340.761077671237,1367.1206551487,235.705467833128,308.48765281826,3206.90626323662,1862.52221345445,1.01344275382556
2015-10-01,45.1902604559144,2192.44971239844,-387.093591219261,2237.60530559548,0.451537563507167,0,302.85163939389,2821.70393745284,0,229.146743770886,379.020792467495,1708.7952105173,302.264699542227,291.382735645663,3073.88867101236,1964.94782416867,1.01292793507192
2015-11-01,278.755523058238,1535.96966860488,-422.880009775993,1814.72562742669,25.9717050585791,1.00872401093351,271.041198307913,2460.75235819257,0,223.729442388873,360.508520829052,2016.46354090952,234.861620173705,245.182642657456,3344.76753189168,1980.6744948478,1.01289386580653
2015-12-01,560.691610469548,977.134355268659,-569.70573395351,1537.77805885366,56.3498376426253,2.92850127022883,245.456553966854,2405.59238640885,0,212.135328899819,331.055088987852,2550.78220000145,126.17200074979,200.546110264141,4554.95501146744,3053.2579335287,0.972644500675836
2016-01-01,1520.4618437935,0,-524.761134452707,1520.4618437935,249.218427279871,12.4866037635168,1092.33526910825,2233.93321023271,0,228.49582620287,324.587550526103,2416.98823197216,144.158988882805,218.770280955394,0,0,0
